ContactID,LeadID,AccountID,ContactName,Role,Email
C3000,L1102,A2051,Contact_0,Analyst,
C3001,L1179,A2003,Contact_1,Director,contact1@mail.com
C3002,L1092,A2022,Contact_2,CEO,contact2@mail.com
C3003,L1014,A2014,Contact_3,Manager,contact3@mail.com
C3004,L1106,A2042,Contact_4,VP,contact4@mail.com
C3005,L1071,A2028,Contact_5,CEO,contact5@mail.com
C3006,L1188,A2035,Contact_6,VP,contact6@mail.com
C3007,L1020,A2012,Contact_7,VP,contact7@mail.com
C3008,L1102,A2031,Contact_8,Director,contact8@mail.com
C3009,L1121,A2070,Contact_9,CEO,contact9@mail.com
C3010,L1074,A2058,Contact_10,Director,contact10@mail.com
C3011,L1087,A2027,Contact_11,VP,
C3012,L1116,A2065,Contact_12,CEO,contact12@mail.com
C3013,L1099,A2041,Contact_13,Manager,contact13@mail.com
C3014,L1103,A2044,Contact_14,VP,contact14@mail.com
C3015,L1151,A2061,Contact_15,CEO,contact15@mail.com
C3016,L1130,A2056,Contact_16,CEO,contact16@mail.com
C3017,L1149,A2005,Contact_17,VP,contact17@mail.com
C3018,L1052,A2027,Contact_18,CEO,contact18@mail.com
C3019,L1001,A2027,Contact_19,Manager,contact19@mail.com
C3020,L1087,A2043,Contact_20,CEO,contact20@mail.com
C3021,L1157,A2029,Contact_21,Director,contact21@mail.com
C3022,L1037,A2061,Contact_22,Director,
C3023,L1129,A2074,Contact_23,Director,contact23@mail.com
C3024,L1191,A2061,Contact_24,Analyst,contact24@mail.com
C3025,L1187,A2000,Contact_25,Analyst,contact25@mail.com
C3026,L1020,A2026,Contact_26,Manager,contact26@mail.com
C3027,L1160,A2061,Contact_27,VP,contact27@mail.com
C3028,L1057,A2076,Contact_28,Director,contact28@mail.com
C3029,L1021,A2002,Contact_29,VP,contact29@mail.com
C3030,L1088,A2069,Contact_30,VP,contact30@mail.com
C3031,L1048,A2071,Contact_31,Director,contact31@mail.com
C3032,L1058,A2026,Contact_32,Manager,contact32@mail.com
C3033,L1169,A2008,Contact_33,Analyst,
C3034,L1187,A2061,Contact_34,Director,contact34@mail.com
C3035,L1014,A2036,Contact_35,CEO,contact35@mail.com
C3036,L1189,A2050,Contact_36,Analyst,contact36@mail.com
C3037,L1189,A2043,Contact_37,Analyst,contact37@mail.com
C3038,L1174,A2023,Contact_38,Manager,contact38@mail.com
C3039,L1189,A2078,Contact_39,VP,contact39@mail.com
C3040,L1050,A2058,Contact_40,VP,contact40@mail.com
C3041,L1107,A2031,Contact_41,Analyst,contact41@mail.com
C3042,L1054,A2051,Contact_42,Manager,contact42@mail.com
C3043,L1063,A2061,Contact_43,Director,contact43@mail.com
C3044,L1130,A2057,Contact_44,Analyst,
C3045,L1050,A2051,Contact_45,VP,contact45@mail.com
C3046,L1134,A2011,Contact_46,CEO,contact46@mail.com
C3047,L1020,A2038,Contact_47,Director,contact47@mail.com
C3048,L1072,A2001,Contact_48,CEO,contact48@mail.com
C3049,L1166,A2002,Contact_49,Analyst,contact49@mail.com
C3050,L1017,A2055,Contact_50,Director,contact50@mail.com
C3051,L1131,A2058,Contact_51,VP,contact51@mail.com
C3052,L1088,A2001,Contact_52,Manager,contact52@mail.com
C3053,L1059,A2001,Contact_53,Manager,contact53@mail.com
C3054,L1013,A2053,Contact_54,Manager,contact54@mail.com
C3055,L1008,A2000,Contact_55,Manager,
C3056,L1089,A2018,Contact_56,Manager,contact56@mail.com
C3057,L1052,A2001,Contact_57,Manager,contact57@mail.com
C3058,L1129,A2052,Contact_58,Manager,contact58@mail.com
C3059,L1083,A2043,Contact_59,VP,contact59@mail.com
C3060,L1091,A2031,Contact_60,Director,contact60@mail.com
C3061,L1110,A2069,Contact_61,CEO,contact61@mail.com
C3062,L1187,A2031,Contact_62,Director,contact62@mail.com
C3063,L1198,A2067,Contact_63,VP,contact63@mail.com
C3064,L1171,A2054,Contact_64,Director,contact64@mail.com
C3065,L1007,A2074,Contact_65,Director,contact65@mail.com
C3066,L1174,A2055,Contact_66,VP,
C3067,L1034,A2016,Contact_67,CEO,contact67@mail.com
C3068,L1080,A2037,Contact_68,Analyst,contact68@mail.com
C3069,L1163,A2023,Contact_69,Director,contact69@mail.com
C3070,L1049,A2068,Contact_70,Manager,contact70@mail.com
C3071,L1103,A2069,Contact_71,Director,contact71@mail.com
C3072,L1131,A2010,Contact_72,Analyst,contact72@mail.com
C3073,L1001,A2015,Contact_73,CEO,contact73@mail.com
C3074,L1133,A2072,Contact_74,Analyst,contact74@mail.com
C3075,L1053,A2058,Contact_75,Director,contact75@mail.com
C3076,L1105,A2069,Contact_76,Director,contact76@mail.com
C3077,L1003,A2079,Contact_77,VP,
C3078,L1053,A2002,Contact_78,Manager,contact78@mail.com
C3079,L1190,A2019,Contact_79,Analyst,contact79@mail.com
C3080,L1145,A2058,Contact_80,Manager,contact80@mail.com
C3081,L1043,A2035,Contact_81,Analyst,contact81@mail.com
C3082,L1161,A2018,Contact_82,CEO,contact82@mail.com
C3083,L1189,A2066,Contact_83,Manager,contact83@mail.com
C3084,L1013,A2018,Contact_84,Director,contact84@mail.com
C3085,L1094,A2019,Contact_85,VP,contact85@mail.com
C3086,L1047,A2070,Contact_86,CEO,contact86@mail.com
C3087,L1014,A2051,Contact_87,Analyst,contact87@mail.com
C3088,L1199,A2032,Contact_88,VP,
C3089,L1189,A2039,Contact_89,Manager,contact89@mail.com
C3090,L1039,A2038,Contact_90,VP,contact90@mail.com
C3091,L1081,A2000,Contact_91,CEO,contact91@mail.com
C3092,L1110,A2010,Contact_92,Director,contact92@mail.com
C3093,L1052,A2056,Contact_93,CEO,contact93@mail.com
C3094,L1023,A2049,Contact_94,Manager,contact94@mail.com
C3095,L1153,A2022,Contact_95,VP,contact95@mail.com
C3096,L1187,A2030,Contact_96,Analyst,contact96@mail.com
C3097,L1123,A2041,Contact_97,Manager,contact97@mail.com
C3098,L1040,A2006,Contact_98,VP,contact98@mail.com
C3099,L1156,A2015,Contact_99,Analyst,
C3100,L1014,A2059,Contact_100,Director,contact100@mail.com
C3101,L1044,A2001,Contact_101,VP,contact101@mail.com
C3102,L1064,A2000,Contact_102,Director,contact102@mail.com
C3103,L1088,A2047,Contact_103,VP,contact103@mail.com
C3104,L1070,A2011,Contact_104,Analyst,contact104@mail.com
C3105,L1008,A2068,Contact_105,Manager,contact105@mail.com
C3106,L1087,A2036,Contact_106,Analyst,contact106@mail.com
C3107,L1128,A2031,Contact_107,CEO,contact107@mail.com
C3108,L1135,A2008,Contact_108,CEO,contact108@mail.com
C3109,L1062,A2018,Contact_109,Analyst,contact109@mail.com
C3110,L1138,A2047,Contact_110,CEO,
C3111,L1080,A2079,Contact_111,Analyst,contact111@mail.com
C3112,L1135,A2002,Contact_112,CEO,contact112@mail.com
C3113,L1162,A2019,Contact_113,Manager,contact113@mail.com
C3114,L1162,A2023,Contact_114,Analyst,contact114@mail.com
C3115,L1032,A2053,Contact_115,Manager,contact115@mail.com
C3116,L1122,A2032,Contact_116,VP,contact116@mail.com
C3117,L1004,A2023,Contact_117,Analyst,contact117@mail.com
C3118,L1040,A2074,Contact_118,VP,contact118@mail.com
C3119,L1027,A2071,Contact_119,Manager,contact119@mail.com
C3120,L1134,A2035,Contact_120,CEO,contact120@mail.com
C3121,L1071,A2037,Contact_121,VP,
C3122,L1011,A2024,Contact_122,Analyst,contact122@mail.com
C3123,L1161,A2017,Contact_123,Analyst,contact123@mail.com
C3124,L1032,A2065,Contact_124,Manager,contact124@mail.com
C3125,L1047,A2053,Contact_125,VP,contact125@mail.com
C3126,L1150,A2034,Contact_126,Analyst,contact126@mail.com
C3127,L1061,A2079,Contact_127,Manager,contact127@mail.com
C3128,L1036,A2060,Contact_128,CEO,contact128@mail.com
C3129,L1098,A2040,Contact_129,Analyst,contact129@mail.com
C3130,L1171,A2032,Contact_130,Director,contact130@mail.com
C3131,L1103,A2067,Contact_131,Manager,contact131@mail.com
C3132,L1034,A2032,Contact_132,CEO,
C3133,L1192,A2013,Contact_133,VP,contact133@mail.com
C3134,L1100,A2020,Contact_134,Analyst,contact134@mail.com
C3135,L1174,A2047,Contact_135,Director,contact135@mail.com
C3136,L1130,A2019,Contact_136,Director,contact136@mail.com
C3137,L1000,A2007,Contact_137,Analyst,contact137@mail.com
C3138,L1004,A2006,Contact_138,Director,contact138@mail.com
C3139,L1141,A2066,Contact_139,Manager,contact139@mail.com
C3140,L1102,A2016,Contact_140,Director,contact140@mail.com
C3141,L1026,A2032,Contact_141,Manager,contact141@mail.com
C3142,L1136,A2047,Contact_142,Director,contact142@mail.com
C3143,L1014,A2075,Contact_143,Analyst,
C3144,L1089,A2058,Contact_144,Analyst,contact144@mail.com
C3145,L1041,A2021,Contact_145,Analyst,contact145@mail.com
C3146,L1123,A2029,Contact_146,Manager,contact146@mail.com
C3147,L1178,A2037,Contact_147,Manager,contact147@mail.com
C3148,L1062,A2050,Contact_148,Analyst,contact148@mail.com
C3149,L1095,A2053,Contact_149,VP,contact149@mail.com
